<?xml version="1.0" encoding="UTF-8"?>
<Releases>
		<release>
		<releasename>9.0</releasename>
		<services>
			<service>
				<name>pub.security.mobileGateway:alertSpec</name>
				<changeType>Removed</changeType>
				<remarks/>
				<replacement>pub.security.enterpriseGateway:alertSpec</replacement>
			</service>
			<service>
				<name>pub.event.eda:send</name>
				<changeType>Deprecated</changeType>
				<remarks/>
				<replacement>pub.event.nerv:send</replacement>
			</service>
			<service>
				<name>pub.client:http</name>
				<changeType>Changed</changeType>
				<remarks>Changed type key and added new token key to auth input parameter. You can now specify Basic or Bearer for type. The token key is the access token to submit to the OAuth resource server. It is required only when type is set to "Bearer".</remarks>
				<replacement/>
			</service>
			<service>
				<name>pub.client.ldap:search</name>
				<changeType>Changed</changeType>
				<remarks>Added isDocumentList as new input parameter and resultsList as new output parameter.</remarks>
				<replacement/>
			</service>
			<service>
				<name>pub.document:bytesToDocument</name>
				<changeType>Changed</changeType>
				<remarks>Changed input parameter document to documentBytes. documentBytes is the array of bytes (byte[]) to convert to a document.</remarks>
				<replacement/>
			</service>
			<service>
				<name>pub.document:bytesToDocument</name>
				<changeType>Changed</changeType>
				<remarks>Added evt:EventID, evt:Priority, evt:ProducerID, evt:UserID, evt:CustomHeaders as new input parameters.</remarks>
				<replacement/>
			</service>
			<service>
				<name>pub.flow:setResponseCode</name>
				<changeType>Changed</changeType>
				<remarks>The responseCode parameter now accepts any value. If the value is not listed in RFC 2616, Section 10, you must provide a value for the reasonPhrase parameter.</remarks>
				<replacement/>
			</service>
			<service>
				<name>pub.mime:createMimeData</name>
				<changeType>Changed</changeType>
				<remarks>Added decodeHeaders as new input parameter.</remarks>
				<replacement/>
			</service>
			<service>
				<name>pub.security.keystore.pkcs7:sign</name>
				<changeType>Changed</changeType>
				<remarks>Changed hashAlgorithm key. You can now specify MD5, SHA-1, SHA-256, SHA-384, or SHA-512 for hashAlgorithm.</remarks>
				<replacement/>
			</service>
			<service>
				<name>pub.security.xml:verifyXML</name>
				<changeType>Changed</changeType>
				<remarks>Changed how enveloping signatures are verified.</remarks>
				<replacement/>
			</service>
			<service>
				<name>pub.soap.handler:generate DocumentTypesFromWSDL</name>
				<changeType>Changed</changeType>
				<remarks>Added contentModelCompliance as new input parameter.</remarks>
				<replacement/>
			</service>
			<service>
				<name>pub.soap.handler:listConsumer</name>
				<changeType>Changed</changeType>
				<remarks>Added handleRequestService, handleResponseService, and handleFaultService as new output parameters.</remarks>
				<replacement/>
			</service>
			<service>
				<name>pub.soap.handler:listProvider</name>
				<changeType>Changed</changeType>
				<remarks>Added handleRequestService, handleResponseService, and handleFaultService as new output parameters.</remarks>
				<replacement/>
			</service>
			<service>
				<name>pub.storage:add</name>
				<changeType>Changed</changeType>
				<remarks>Added error as new output parameter.</remarks>
				<replacement/>
			</service>
			<service>
				<name>pub.storage:put</name>
				<changeType>Changed</changeType>
				<remarks>Added error as new output parameter.</remarks>
				<replacement/>
			</service>
			<service>
				<name>pub.utils:executeOSCommand</name>
				<changeType>Changed</changeType>
				<remarks>Added arguments as a new input parameter.</remarks>
				<replacement/>
			</service>
			<service>
				<name>pub.xml:freeXMLNode</name>
				<changeType>Changed</changeType>
				<remarks>The rootNode input parameter now takes an enhanced XML node as input in addition to a com.wm.lang.xml.Node object.</remarks>
				<replacement/>
			</service>
			<service>
				<name>pub.xml:getXMLNodeIterator</name>
				<changeType>Changed</changeType>
				<remarks>The node input parameter now takes an enhanced XML node as input in addition to a com.wm.lang.xml.Node object.</remarks>
				<replacement/>
			</service>
			<service>
				<name>pub.xml:queryXMLNode</name>
				<changeType>Changed</changeType>
				<remarks>The node input parameter now takes an enhanced XML node as input in addition to a com.wm.lang.xml.Node object.</remarks>
				<replacement/>
			</service>
			<service>
				<name>pub.xml:xmlNodeToDocument</name>
				<changeType>Changed</changeType>
				<remarks>The node input parameter now takes an org.w3c.dom.Node object as input in addition to a com.wm.lang.xml.Node object.</remarks>
				<replacement/>
			</service>
			<service>
				<name>pub.xslt.Transformations:transformSerialXML</name>
				<changeType>Changed</changeType>
				<remarks>Added loadExternalEntities as a new input parameter.</remarks>
				<replacement/>
			</service>
		</services>
		<wattsettings>
			<wattsetting>
				<name>watt.core.schema.validateIncomingXSDUsingXerces</name>
				<changeType>Removed</changeType>
				<remarks>When creating an IS schema, document type or flow service from an XML Schema definition, you can use the "Enable schema validation using Xerces" option to indicate whether Integration Server uses the Xerces Java Parser to validate the XML Schema definition. When creating a consumer web service descriptor or a WSDL first provider web service descriptor, you can use the "Enable schema validation using Xerces" option to indicate whether Integration Server uses the Xerces Java Parser to validate the XML Schema definitions in or referenced by the WSDL document.</remarks>
				<replacement/>
			</wattsetting>	
			<wattsetting>
				<name>watt.instrumentation.exit.label</name>
				<changeType>Removed</changeType>
				<remarks/>
				<replacement/>
			</wattsetting>
			<wattsetting>
				<name>watt.instrumentation.print.label</name>
				<changeType>Removed</changeType>
				<remarks/>
				<replacement/>
			</wattsetting>
			<wattsetting>
				<name>watt.security.certProvider</name>
				<changeType>Removed</changeType>
				<remarks/>
				<replacement/>
			</wattsetting>
			<wattsetting>
				<name>watt.security.fips.provider</name>
				<changeType>Removed</changeType>
				<remarks/>
				<replacement/>
			</wattsetting>
			<wattsetting>
				<name>watt.server.logRotateInterval</name>
				<changeType>Removed</changeType>
				<remarks/>
				<replacement/>
			</wattsetting>
			<wattsetting>
				<name>watt.server.SoapRPC.debug</name>
				<changeType>Removed</changeType>
				<remarks>Integration Server now uses the 0088 SOAP server log facility to log Information and errors related to SOAP requests and responses.</remarks>
				<replacement/>
			</wattsetting>
			<wattsetting>
				<name>watt.server.SoapRPC.trace</name>
				<changeType>Removed</changeType>
				<remarks>Integration Server now uses the 0088 SOAP server log facility to log Information and errors related to SOAP requests and responses.</remarks>
				<replacement/>
			</wattsetting>
			<wattsetting>
				<name>watt.server.SoapRPC.verbose</name>
				<changeType>Removed</changeType>
				<remarks>Integration Server now uses the 0088 SOAP server log facility to log Information and errors related to SOAP requests and responses.</remarks>
				<replacement/>
			</wattsetting>
			<wattsetting>
				<name>watt.server.wsdl.validateWSDLSchemaUsingXerces</name>
				<changeType>Removed</changeType>
				<remarks>Web service descriptors now have a property named "Validate schema using Xerces" that specifies whether or not Integration Server uses the Xerces Java Parser to validates the XML Schema definitions associated with a WSDL document.</remarks>
				<replacement/>
			</wattsetting>
			<wattsetting>
				<name>watt.xslt.jaxp.properties</name>
				<changeType>Removed</changeType>
				<remarks/>
				<replacement/>
			</wattsetting>
			<wattsetting>
				<name>watt.server.http.auditReset</name>
				<changeType>Deprecated</changeType>
				<remarks/>
				<replacement/>
			</wattsetting>
			<wattsetting>
				<name>watt.core.xml.expandGeneralEntities</name>
				<changeType>Deprecated</changeType>
				<remarks>Added support for indicating whether the pub.xslt.Transformations:transformSerialXML service should allow external entities. Previously this parameter was used only to indicate whether the pub.xml:loadXMLNode and pub.xml:xmlStringToXMLNode services should return expanded general (internal and external) entities.</remarks>
				<replacement/>
			</wattsetting>
			<wattsetting>
				<name>watt.net.timeout</name>
				<changeType>Deprecated</changeType>
				<remarks>Changed the default value to 300 (5 minutes).</remarks>
				<replacement/>
			</wattsetting>
			<wattsetting>
				<name>watt.server.compile</name>
				<changeType>Deprecated</changeType>
				<remarks>Changed the default. Previously if this property was omitted or empty, the server used the following compiler command to compile Java services: javac -classpath {0} -d {1} {2} The server now uses the JVM internal Java compile tool as the default.</remarks>
				<replacement/>
			</wattsetting>
			<wattsetting>
				<name>watt.server.compile.unicode</name>
				<changeType>Deprecated</changeType>
				<remarks>Changed the default. Previously if this property was omitted or empty, the server used the following compiler command to compile Java services that are stored in Unicode encoding: javac -encoding Unicode -classpath {0} -d {1} {2} The server now uses the JVM internal Java compile tool as the default.</remarks>
				<replacement/>
			</wattsetting>
			<wattsetting>
				<name>watt.server.jms.trigger.pooledConsumer.timeout</name>
				<changeType>Deprecated</changeType>
				<remarks>The server parameter now has no upper limit restriction. Previously, the limit was 60,000 milliseconds.</remarks>
				<replacement/>
			</wattsetting>
			<wattsetting>
				<name>watt.server.SOAP.MTOMThreshold</name>
				<changeType>Deprecated</changeType>
				<remarks>This parameter now applies to both SOAP 1.1 and SOAP 1.2 protocols.</remarks>
				<replacement/>
			</wattsetting>
		</wattsettings>
	</release>

	<release>
	<releasename>9.5</releasename>
		<services>
			<service>
				<name>pub.client.oauth.executeRequest</name>
				<changeType>Changed</changeType>
				<remarks>Removed Google, Facebook, and Twitter as options for the provider parameter. Possible options for the provider parameter are now IntegrationServer and Other.</remarks>
				<replacement/>
			</service>		
			<service>
				<name>pub.flow:transportInfo</name>
				<changeType>Changed</changeType>
				<remarks>Added new keys clientIP and clientPort to the HTTP ipInfo parameter.</remarks>
				<replacement/>
			</service>	
			<service>
				<name>pub.publish:publish</name>
				<changeType>Changed</changeType>
				<remarks>Added the ability to publish documents to webMethods Universal Messaging.</remarks>
				<replacement/>
			</service>	
			<service>
				<name>pub.security.xml:signXML</name>
				<changeType>Changed</changeType>
				<remarks>Added signatureAlgorithm and digestAlgorithm as new input parameters. Possible values for each field are SHA1 (the default), SHA256, SHA384, and SHA512.</remarks>
				<replacement/>
			</service>
		</services>
		<wattsettings/>
	</release>
	
	<release>
	<releasename>9.6</releasename>
		<services>
			<service>
				<name>pub.flow:setResponse</name>
				<changeType>Deprecated</changeType>
				<remarks/>
				<replacement>pub.flow:setResponse2</replacement>
			</service>
			<service>
				<name>pub.client:http</name>
				<changeType>Changed</changeType>
				<remarks>Added new key Digest to the auth\type parameter.</remarks>
				<replacement/>
			</service>
			<service>
				<name>pub.client:soapClient</name>
				<changeType>Changed</changeType>
				<remarks>Added new key Digest to the auth\transport\type parameter.</remarks>
				<replacement/>
			</service>
			<service>
				<name>pub.flow:setResponse</name>
				<changeType>Changed</changeType>
				<remarks>Added new parameters responseString and responseBytes. Deprecated parameters response, string, and bytes.</remarks>
				<replacement/>
			</service>
			<service>
				<name>pub.soap.wsrm:createSequence</name>
				<changeType>Changed</changeType>
				<remarks>Both the auth > message input parameter and sequenceKey output parameter were removed.</remarks>
				<replacement/>
			</service>			
		</services>
		<wattsettings>
			<wattsetting>
				<name>watt.server.centralusers.shutdownOnError</name>
				<changeType>Changed</changeType>
				<remarks>Changed default setting to false.</remarks>
				<replacement/>
			</wattsetting>
			<wattsetting>
				<name>watt.server.http.returnException</name>
				<changeType>Changed</changeType>
				<remarks>Changed default setting to false.</remarks>
				<replacement/>
			</wattsetting>			
		</wattsettings>
	</release>
	<release>
	<releasename>9.7</releasename>
		<services>
			<service>
				<name>pub.event.eda:send</name>
				<changeType>Removed</changeType>
				<remarks/>
				<replacement>pub.event.nerv:send</replacement>
			</service>	
			<service>
				<name>pub.event.eda:eventToDocument</name>
				<changeType>Deprecated</changeType>
				<remarks/>
				<replacement>pub.event.nerv:eventToDocument</replacement>
			</service>	
			<service>
				<name>pub.publish:syncToBroker</name>
				<changeType>Deprecated</changeType>
				<remarks/>
				<replacement>pub.publish:syncToProvider</replacement>
			</service>	
			<service>
				<name>pub.pki.pkcs7:sign</name>
				<changeType>Deprecated</changeType>
				<remarks/>
				<replacement/>
			</service>
			<service>
				<name>pub.pki.pkcs7:verify</name>
				<changeType>Deprecated</changeType>
				<remarks/>
				<replacement/>
			</service>
			<service>
				<name>pub.pki.smime:createSignedAndEncryptedData</name>
				<changeType>Deprecated</changeType>
				<remarks/>
				<replacement/>
			</service>
			<service>
				<name>pub.pki.smime:createSignedAndEncryptedData</name>
				<changeType>Deprecated</changeType>
				<remarks/>
				<replacement/>
			</service>
			<service>
				<name>pub.pki.smime:createSignedData</name>
				<changeType>Deprecated</changeType>
				<remarks/>
				<replacement/>
			</service>
			<service>
				<name>pub.pki:smime:processEncryptedData</name>
				<changeType>Deprecated</changeType>
				<remarks/>
				<replacement/>
			</service>
			<service>
				<name>pub.pki.smime:processSignedData</name>
				<changeType>Deprecated</changeType>
				<remarks/>
				<replacement/>
			</service>
			<service>
				<name>pub.event.nerv:send</name>
				<changeType>Changed</changeType>
				<remarks/>
				<replacement>Added new encode input parameter.</replacement>
			</service>
			<service>
				<name>pub.flow:getTransportInfo</name>
				<changeType>Changed</changeType>
				<remarks/>
				<replacement>Service can now return transport information for services invoked by webMethods messaging triggers because the document reference output parameter uses pub.flow:transportInfo which has been updated to include webMethods messaging transport information.</replacement>
			</service>
			<service>
				<name>pub.flow:transportInfo</name>
				<changeType>Changed</changeType>
				<remarks/>
				<replacement>Service can now return transport information for services invoked by webMethods messaging triggers because the document reference output parameter uses pub.flow:transportInfo which has been updated to include webMethods messaging transport information.</replacement>
			</service>
			<service>
				<name>pub.publish:publishAndWait</name>
				<changeType>Changed</changeType>
				<remarks/>
				<replacement>Added the ability to publish documents to webMethods Universal Messaging.</replacement>
			</service>
			<service>
				<name>pub.publish:reply</name>
				<changeType>Changed</changeType>
				<remarks/>
				<replacement>Added the ability to reply to documents via webMethods Universal Messaging.</replacement>
			</service>
			<service>
				<name>pub.publish:waitForReply</name>
				<changeType>Changed</changeType>
				<remarks/>
				<replacement>Added the ability to wait for reply documents routed through webMethods Universal Messaging.</replacement>
			</service>
			<service>
				<name>pub.trigger:createTrigger</name>
				<changeType>Changed</changeType>
				<remarks/>
				<replacement>Modified the service so that it can be used to create webMethods messaging triggers that subscribe to documents routed through webMethods Universal Messaging. Added the new input parameters properties\executeUser and conditions\messageTypeFilterPairs\providerFilter.</replacement>
			</service>
		</services>
		<wattsettings>
			<wattsetting>
				<name>watt.server.logRotateInterval</name>
				<changeType>Removed</changeType>
				<remarks>watt.server.statsLogRotateInterval Note: The watt.server.logRotateInterval server configuration parameter was reintroduced for the following fixes. When reintroduced, the scope of the parameter changed so that it affected only the stats.log: - IS_9.0_SP1_Core_Fix6 - IS_9.5_SP1_Core_Fix3 - IS_9.6_Core_Fix2</remarks>
				<replacement/>
			</wattsetting>
			<wattsetting>
				<name>watt.server.jms.trigger.concurrent.primaryThread.pollingInterval</name>
				<changeType>Changed</changeType>
				<remarks>Modified to remove the upper limit of 10000 milliseconds.</remarks>
				<replacement/>
			</wattsetting>	
			<wattsetting>
				<name>watt.server.jms.trigger.serial.primaryThread.pollingInterval</name>
				<changeType>Changed</changeType>
				<remarks>Modified to remove the upper limit of 10000 milliseconds.</remarks>
				<replacement/>
			</wattsetting>
			<wattsetting>
				<name>wm.mobile.datasync:synchronize</name>
				<changeType>Changed</changeType>
				<remarks>Added new filter input parameter to filter the data that Mobile Support returns to the requesting mobile application.</remarks>
				<replacement/>
			</wattsetting>
		</wattsettings>
	</release>
	<release>
	<releasename>9.8</releasename>
		<services>
			<service>
				<name>pub.pki.pkcs7:sign</name>
				<changeType>Removed</changeType>
				<remarks/>
				<replacement/>
			</service>	
			<service>
				<name>pub.pki.pkcs7:verify</name>
				<changeType>Removed</changeType>
				<remarks/>
				<replacement/>
			</service>	
			<service>
				<name>pub.pki.smime:createSignedAndEncryptedData</name>
				<changeType>Removed</changeType>
				<remarks/>
				<replacement/>
			</service>
			<service>
				<name>pub.pki.smime:createSignedData</name>
				<changeType>Removed</changeType>
				<remarks/>
				<replacement/>
			</service>
			<service>
				<name>pub.pki:smime:processEncryptedData</name>
				<changeType>Removed</changeType>
				<remarks/>
				<replacement/>
			</service>
			<service>
				<name>pub.pki.smime:processSignedData</name>
				<changeType>Removed</changeType>
				<remarks/>
				<replacement/>
			</service>
			<service>
				<name>pub.cache:remove</name>
				<changeType>Changed</changeType>
				<remarks>Added useWriter input parameter.</remarks>
				<replacement/>
			</service>
			<service>
				<name>pub.flow:savePipelineToFile</name>
				<changeType>Changed</changeType>
				<remarks>Before writing the pipeline to a file, Integration Server verifies whether the provided path is specified in the allowedWritePaths parameter of the file access control configuration file (fileAccessControl.cnf). If it is not, Integration Server does not write the pipeline to a file.</remarks>
				<replacement/>
			</service>			
			<service>
				<name>pub.publish:deliver</name>
				<changeType>Changed</changeType>
				<remarks>Added the ability to deliver documents with webMethods Universal Messaging.</remarks>
				<replacement/>
			</service>	
			<service>
				<name>pub.publish:deliverAndWait</name>
				<changeType>Changed</changeType>
				<remarks>Added the ability to publish documents with webMethods Universal Messaging.</remarks>
				<replacement/>
			</service>	
			<service>
				<name>pub.publish:envelope</name>
				<changeType>Changed</changeType>
				<remarks>webMethods Universal Messaging now supports the read-only parameter destID.</remarks>
				<replacement/>
			</service>
			<service>
				<name>pub.string:bytesToString</name>
				<changeType>Changed</changeType>
				<remarks>Added ignoreBOMChars input parameter.</remarks>
				<replacement/>
			</service>
		</services>
		<wattsettings>
			<wattsetting>
				<name>watt.security.pki.jnditimeout</name>
				<changeType>Removed</changeType>
				<remarks/>
				<replacement/>
			</wattsetting>
			<wattsetting>
				<name>watt.security.pki.performSync</name>
				<changeType>Removed</changeType>
				<remarks/>
				<replacement/>
			</wattsetting>			
		</wattsettings>
	</release>
	<release>
	<releasename>9.9</releasename>
		<services>
			<service>
				<name>pub.event.nerv:eventToDocument</name>
				<changeType>Deprecated</changeType>
				<remarks/>
				<replacement/>
			</service>			
			<service>
				<name>pub.event.nerv:send</name>
				<changeType>Deprecated</changeType>
				<remarks/>
				<replacement>pub.event.routing:send</replacement>
			</service>	
			<service>
				<name>pub.event.nerv:subscribe</name>
				<changeType>Deprecated</changeType>
				<remarks/>
				<replacement>pub.event.routing:subscribe</replacement>
			</service>
			<service>
				<name>pub.event.nerv:unsubscribe</name>
				<changeType>Deprecated</changeType>
				<remarks/>
				<replacement>pub.event.routing:unsubscribe</replacement>
			</service>
			<service>
				<name>pub.client.ftp:getCompletedNotification</name>
				<changeType>Changed</changeType>
				<remarks>The publishable document type now specifies the IS_LOCAL_CONNECTION alias as the connection alias used to publish and retrieve instances of this document type.</remarks>
				<replacement/>
			</service>
			<service>
				<name>pub.client.ftp:putCompletedNotification</name>
				<changeType>Changed</changeType>
				<remarks>The publishable document type now specifies the IS_LOCAL_CONNECTION alias as the connection alias used to publish and retrieve instances of this document type.</remarks>
				<replacement/>
			</service>
			<service>
				<name>pub.schema:validate</name>
				<changeType>Changed</changeType>
				<remarks>The service can now validate XMLData against an XML document type.</remarks>
				<replacement/>
			</service>
			<service>
				<name>pub.remote:invoke</name>
				<changeType>Changed</changeType>
				<remarks>Integration Server now ignores the value of the $close input parameter when a trigger service for a webMethods messaging trigger executes the pub.remote:invoke service, if the watt.server.trigger.reuseSession server configuration parameter is set to true.</remarks>
				<replacement/>
			</service>
			<service>
				<name>pub.trigger:resumeProcessing</name>
				<changeType>Changed</changeType>
				<remarks>The applyChangeAcrossCluster input parameter now applies to webMethods messaging triggers that receive documents from Universal MessagingPreviously, the applyChangeAcrossCluster input parameter applied only to triggers that received documents from Broker..</remarks>
				<replacement/>
			</service>
			<service>
				<name>pub.trigger:resumeRetrieval</name>
				<changeType>Changed</changeType>
				<remarks>The applyChangeAcrossCluster input parameter now applies to webMethods messaging triggers that receive documents from Universal MessagingPreviously, the applyChangeAcrossCluster input parameter applied only to triggers that received documents from Broker..</remarks>
				<replacement/>
			</service>
			<service>
				<name>pub.trigger:suspendProcessing</name>
				<changeType>Changed</changeType>
				<remarks>The applyChangeAcrossCluster input parameter now applies to webMethods messaging triggers that receive documents from Universal MessagingPreviously, the applyChangeAcrossCluster input parameter applied only to triggers that received documents from Broker..</remarks>
				<replacement/>
			</service>
			<service>
				<name>pub.trigger:suspendRetrieval</name>
				<changeType>Changed</changeType>
				<remarks>The applyChangeAcrossCluster input parameter now applies to webMethods messaging triggers that receive documents from Universal MessagingPreviously, the applyChangeAcrossCluster input parameter applied only to triggers that received documents from Broker..</remarks>
				<replacement/>
			</service>
		</services>
		<wattsettings>
			<wattsetting>
				<name>watt.net.jsse.server.enabledProtocols</name>
				<changeType>Changed</changeType>
				<remarks>Modified to include �SSLv2Hello� as a default value.</remarks>
				<replacement/>
			</wattsetting>		
			<wattsetting>
				<name>watt.server.soap.decodeElementWithPrefix</name>
				<changeType>Changed</changeType>
				<remarks>Extended to work with the decoding of SOAP response messages</remarks>
				<replacement/>
			</wattsetting>	
			<wattsetting>
				<name>watt.server.trigger.preprocess</name>
				<changeType>Changed</changeType>
				<remarks>This server configuration parameter now applies to all trigger types and messaging providers.</remarks>
				<replacement/>
			</wattsetting>		
		</wattsettings>
	</release>
</Releases>